{
  "coefficients": {
    "intercept": 0.027017728486263493,
    "sqft": -0.00006424664085029303,
    "bedrooms": 0.6219413259480844,
    "bathrooms": 0.13307546813239046,
    "deep_clean": 1.4305445172102556,
    "fridge": -0.0802868451373202,
    "oven": 0.9522397843684036,
    "clutter_medium": 0.4541477907510698,
    "clutter_high": 0.8243268024303241
  },
  "metrics": {
    "r2": 0.9656182678518489,
    "mae": 0.22168775338550703,
    "rmse": 0.25674336708033335,
    "n_samples": 17
  },
  "reference_category": {
    "clutter": "low"
  }
}