{
  "coefficients": {
    "intercept": 3.15489436021144,
    "sqft": -0.14558748761501883,
    "bedrooms": 0.5718114670378622,
    "bathrooms": 0.14203064985303793,
    "deep_clean": 1.7921798052669333,
    "fridge": -0.31087865857107083,
    "oven": 0.6290848561054818,
    "clutter_high": 0.5796150290877442,
    "clutter_low": -0.43767675838045506,
    "clutter_medium": -0.1419382707072998
  },
  "standardization": {
    "means": {
      "sqft": 2323.782608695652,
      "bedrooms": 3.6956521739130435,
      "bathrooms": 2.5652173913043477
    },
    "stds": {
      "sqft": 1522.5028125521637,
      "bedrooms": 1.0195713274212868,
      "bathrooms": 0.9451352455659808
    }
  },
  "categories": {
    "clutter": [
      "high",
      "low",
      "medium"
    ]
  },
  "metrics": {
    "r2": 0.9318639284698569,
    "mae": 0.31728037609683474,
    "rmse": 0.49364977005011906,
    "alpha": 0.3727593720314938,
    "n_samples": 23
  }
}