{
  "coefficients": {
    "intercept": 3.0529288368795067,
    "sqft": 0.15544463874637238,
    "bedrooms": 0.335427904996187,
    "bathrooms": 0.16012010924015718,
    "deep_clean": 1.105193644982172,
    "fridge": 0.5350915150287554,
    "oven": 0.43981285364678774,
    "clutter_high": 0.3722492196923026,
    "clutter_low": -0.3718215872396593,
    "clutter_medium": -0.0004276324526415465
  },
  "standardization": {
    "means": {
      "sqft": 2395.3,
      "bedrooms": 3.65,
      "bathrooms": 2.55
    },
    "stds": {
      "sqft": 1621.3457730507316,
      "bedrooms": 1.089422831256605,
      "bathrooms": 0.9986833437344547
    }
  },
  "categories": {
    "clutter": [
      "high",
      "low",
      "medium"
    ]
  },
  "metrics": {
    "r2": 0.9233433734702219,
    "mae": 0.3117131903477629,
    "rmse": 0.5039202473269336,
    "alpha": 1.151395399326447,
    "n_samples": 20
  }
}