{
  "coefficients": {
    "intercept": 2.9707993747474823,
    "sqft": 0.0010057514786110389,
    "bedrooms": 0.5700174824271524,
    "bathrooms": 0.19894890750037297,
    "deep_clean": 1.1236130464361198,
    "fridge": 0.42238246836610527,
    "oven": 0.6641752178738569,
    "clutter_high": 0.4113620025178957,
    "clutter_low": -0.4473486330047347,
    "clutter_medium": 0.03598663048681061
  },
  "standardization": {
    "means": {
      "sqft": 2429,
      "bedrooms": 3.6470588235294117,
      "bathrooms": 2.6470588235294117
    },
    "stds": {
      "sqft": 1761.3182208221206,
      "bedrooms": 1.1694644324747672,
      "bathrooms": 1.0571882797418488
    }
  },
  "categories": {
    "clutter": [
      "high",
      "low",
      "medium"
    ]
  },
  "metrics": {
    "r2": 0.9597558055169118,
    "mae": 0.22886965217855765,
    "rmse": 0.43287491214535634,
    "alpha": 0.49417133613238334,
    "n_samples": 17
  }
}